{"cameraMode":{"drawMode":0,"name":"Shaded","section":"Shading Mode"},"sceneLighting":true,"audioPlay":false,"sceneViewState":{"showFog":true,"showMaterialUpdate":false,"showSkybox":true,"showFlares":true,"showImageEffects":true,"showParticleSystems":true},"in2DMode":false,"pivot":{"x":459.02789306640627,"y":274.1549987792969,"z":3.602179527282715},"rotation":{"x":-0.04229702055454254,"y":-0.002400422701612115,"z":0.00010194448259426281,"w":-0.9991032481193543},"size":338.94244384765627,"orthographic":false}